{
  "metadata": {
    "p": [0.5, 0.25],
    "u0": [0.99, 0.01, 0],
    "tspan": [0, 10000],
    "dt": 1
  },
  "t": [0, 1, 2, 3, 4, 5, 6, 7, 8, 9, 10, 11, 12, 13, 14, 15, 16, 17, 18, 19, 20, 21, 22, 23, 24, 25, 26, 27, 28, 29, 30, 31, 32, 33, 34, 35, 36, 37, 38, 39, 40, 41, 42, 43, 44, 45, 46, 47, 48, 49, 50, 51, 52, 53, 54, 55, 56, 57, 58, 59, 60, 61, 62, 63, 64, 65, 66, 67, 68, 69, 70, 71, 72, 73, 74, 75, 76, 77, 78, 79, 80, 81, 82, 83, 84, 85, 86, 87, 88, 89, 90, 91, 92, 93, 94, 95, 96, 97, 98, 99, 100, 101, 102, 103, 104, 105, 106, 107, 108, 109, 110, 111, 112, 113, 114, 115, 116, 117, 118, 119, 120, 121, 122, 123, 124, 125, 126, 127, 128, 129, 130, 131, 132, 133, 134, 135, 136, 137, 138, 139, 140, 141, 142, 143, 144, 145, 146, 147, 148, 149, 150, 151, 152, 153, 154, 155],
  "u": [
    [0.99, 0.984406949648608, 0.977331438996122, 0.968421208808121, 0.957278767921167, 0.943459740782651, 0.926494860314854, 0.905926170525516, 0.881359179589174, 0.852531204961461, 0.819390161259199, 0.782163382505037, 0.74140050330361, 0.697965646797947, 0.652971563875238, 0.60765763437329, 0.563246120489518, 0.520808297327366, 0.48117009301917, 0.44487354565357, 0.412187049486716, 0.383150112625782, 0.357632988956663, 0.335395243405487, 0.31613594213349, 0.299531586507625, 0.285261323987502, 0.273022683386873, 0.262540022348689, 0.253567846237682, 0.245890760049947, 0.239321834219709, 0.233700029993172, 0.228887271054931, 0.224765536736502, 0.221234129896682, 0.218207212172961, 0.215611632653605, 0.213385044305554, 0.211474286615164, 0.209834005835194, 0.208425482598453, 0.207215637979876, 0.20617619171226, 0.205282949390392, 0.204515198549171, 0.203855197706691, 0.203287740620601, 0.202799787314734, 0.202380151174089, 0.202019231693445, 0.201708786500973, 0.201441736969181, 0.201212002234418, 0.201014357288795, 0.200844311569693, 0.200698005011204, 0.200572118985285, 0.200463799957385, 0.200370594007699, 0.20029039064642, 0.20022137458492, 0.200161984320731, 0.200110876504289, 0.200066895186552, 0.200029046479899, 0.199996475132266, 0.199968445052353, 0.199944322902607, 0.199923563718631, 0.199905698561728, 0.199890323908111, 0.199877092490386, 0.199865706260412, 0.199855907826421, 0.199847475100295, 0.199840217649369, 0.199833971693338, 0.199828596246183, 0.199823969976739, 0.199819988467396, 0.199816561854919, 0.199813612801625, 0.199811074749287, 0.199808890099296, 0.199807007972345, 0.199805387505247, 0.199803993379564, 0.19980279388857, 0.199801761850866, 0.199800873889639, 0.199800109891144, 0.199799452549587, 0.199798886975182, 0.19979840035685, 0.199797981672009, 0.199797621436885, 0.199797311491688, 0.199797044815768, 0.199796815368591, 0.199796617952901, 0.199796448097004, 0.199796301953468, 0.199796176211975, 0.19979606802434, 0.199795974939994, 0.199795894850475, 0.199795825941668, 0.199795766652715, 0.199795715640657, 0.199795671750019, 0.199795633986629, 0.199795601495108, 0.199795573539489, 0.199795549486547, 0.199795528791459, 0.199795510985459, 0.199795495665223, 0.199795482483732, 0.199795471142412, 0.199795461384369, 0.199795452988575, 0.199795445764855, 0.199795439549585, 0.199795434184452, 0.199795429562225, 0.199795425551086, 0.199795422378676, 0.199795419620304, 0.199795417221933, 0.199795415136579, 0.199795413323388, 0.199795411746841, 0.199795410376052, 0.199795409184168, 0.19979540814784, 0.199795407246764, 0.19979540646329, 0.199795405782069, 0.199795405189756, 0.199795404674746, 0.199795404226952, 0.1997954038376, 0.199795403499063, 0.19979540320471, 0.199795402948773, 0.199795402726239, 0.199795402532748, 0.199795402364511, 0.19979540221823, 0.199795402091041, 0.199795401980451, 0.199795401884295, 0.199795401800688, 0.199795401727993, 0.199795401664786],
    [0.01, 0.0127601815667503, 0.0162288748890939, 0.0205595331049886, 0.025915602274514, 0.0324640036669157, 0.0403560436053114, 0.0496990186084959, 0.0605194239339124, 0.0727196146371763, 0.0860360149524222, 0.100014735190125, 0.114016924833123, 0.127267264951409, 0.138943795596052, 0.148297168625714, 0.154761478107412, 0.158031921008583, 0.158089207488049, 0.155170021801193, 0.149700174217638, 0.142212090206725, 0.133269544200805, 0.123408622008088, 0.113099449606824, 0.10272742714997, 0.0925903203755466, 0.0829034055678272, 0.0738103188823412, 0.0653963863687961, 0.0577014122297127, 0.0507312507009791, 0.0444676146964824, 0.0388759942767922, 0.0339118214303541, 0.0295251070204665, 0.0256638150423651, 0.0222762312087446, 0.0193125532416556, 0.0167258942958076, 0.0144728548047352, 0.0125137848819906, 0.0108128313011786, 0.00933783991889845, 0.00806016594346903, 0.0069544303574547, 0.00599824798352491, 0.00517194908140555, 0.00445830424129203, 0.00384226063785209, 0.00331069644077017, 0.00285219461300309, 0.0024568371615708, 0.00211601995587896, 0.0018222872466806, 0.00156918471823536, 0.00135112965114823, 0.00116329667117896, 0.00100151755845166, 0.000862193636222924, 0.000742219342423643, 0.000638915690527143, 0.000549972436400517, 0.000473397794766313, 0.000407474680538581, 0.00035072433946511, 0.000301872535805223, 0.000259821286652112, 0.00022362492023738, 0.000192469006822405, 0.000165652206083634, 0.000142570620217384, 0.000122704252618925, 0.000105606590293668, 9.08918717086419e-05, 7.82271313202184e-05, 6.73267730781581e-05, 5.79451063476507e-05, 4.98705868473618e-05, 4.29211262247614e-05, 3.69399929718637e-05, 3.17922823450636e-05, 2.73618788327948e-05, 2.35488406290916e-05, 2.02666714310061e-05, 1.74389591707805e-05, 1.50043302887144e-05, 1.29097357377231e-05, 1.11075491485931e-05, 9.55693983848061e-06, 8.22279088587526e-06, 7.07488620387283e-06, 6.0872272623235e-06, 5.23744456692141e-06, 4.50629114493927e-06, 3.8772067150738e-06, 3.33594267960292e-06, 2.87023945270311e-06, 2.46954882279382e-06, 2.12479506510396e-06, 1.8281693970919e-06, 1.57295312364556e-06, 1.35336546813508e-06, 1.16443264402719e-06, 1.00187520250362e-06, 8.62011105209111e-07, 7.41672327232771e-07, 6.38133101742907e-07, 5.49048181274533e-07, 4.72399717470021e-07, 4.06451556226415e-07, 3.49709913122287e-07, 3.00889538481898e-07, 2.58884605754508e-07, 2.22743663855401e-07, 1.91648086153959e-07, 1.6489352798621e-07, 1.41873972707701e-07, 1.22068004929854e-07, 1.05027000026717e-07, 9.0364962401324e-08, 7.77497823446706e-08, 6.68957134511296e-08, 5.75569001997195e-08, 4.94954683524779e-08, 4.25502955159068e-08, 3.65233200360537e-08, 3.17565840810935e-08, 2.7611964912308e-08, 2.40082687611682e-08, 2.08748986259217e-08, 1.81504712667011e-08, 1.57816146985996e-08, 1.37219226263024e-08, 1.19310453375404e-08, 1.03738992458704e-08, 9.0199795976295e-09, 7.84276287890901e-09, 6.8191872156201e-09, 5.929200587619e-09, 5.15536800634236e-09, 4.48252996050607e-09, 3.89750543876806e-09, 3.38883371152433e-09, 2.94654981330397e-09, 2.56198932742827e-09, 2.22761864863465e-09, 1.93688739803019e-09, 1.68410010132353e-09, 1.46430461264254e-09, 1.27319510093688e-09, 1.10702769832126e-09, 9.62547157069248e-10, 8.36923078758326e-10, 7.27694466284395e-10, 6.32721512510563e-10],
