{"output":[{"outputs":[0.13515624353567923,0.01,4.9094269588799876e-14],"t":[0.0,0.051304452295726395,0.1684557347519912,0.3491236843006228,0.6034167233385063,0.9523752106175547,1.4126041525822974,2.0029555725286805,2.7407730253235907,3.6432242071272367,4.726627644166349,6.006941801184874,7.49975233458491,9.220246622727572,11.181755023469734,13.392542015946018,15.850136096217522,18.53860343412384,21.433367459145643,24.510869135924665,27.753363331931443,31.150324174249455,34.69819398944789,38.400689203425955,42.26925157900309,46.32438096752767,50.59804762744517,55.137723678580564,60.011500368596444,65.30449120216727,71.0481711301077,77.04877425144979,83.09840320419015,89.14922569157604,95.20004817896192,101.25087066634781,107.3016931537337,113.37397298153252,119.49140518417462,125.68231504126409,131.97839437637344,138.41504131729087,145.03174144565972,151.87303676813255,158.98910611222686,166.43775205919272,174.28640768635003,182.61507797394708,191.52030770920908,201.1207349031974,211.56512727899266,223.04490180725224,235.8109836513194,250.20355420188156,266.6981136694953,285.9861784036473,309.1218795136878,337.8135574235944,375.05197959684625],"u":[[0.99,0.9898730377996932,0.9895832487985886,0.989136683350851,0.988508849607545,0.9876486916911592,0.9865168289196078,0.9850694319669892,0.9832679720545185,0.981076601213758,0.9784646584959137,0.9754065806840799,0.9718833202280195,0.9678840699152557,0.9634114561848683,0.958490200214122,0.953179362816632,0.9475746148186359,0.9417918310388604,0.9359419380084602,0.9301191568753682,0.9243983962777792,0.9188370717963802,0.9134768379430659,0.9083459424987276,0.9034611818946371,0.89882967688221,0.8944505146705932,0.8903175344808528,0.8864301257906602,0.8828380176326649,0.8796896795402657,0.8770500319048915,0.8748636865398555,0.8730583598575175,0.8715711572422448,0.8703483898366058,0.8693414162410531,0.8685109247234837,0.8678249519871367,0.8672577477433734,0.8667885543216625,0.8664006112618027,0.8660803245727814,0.8658166327580397,0.8656004548902835,0.8654242826851166,0.8652818527571339,0.865167890758352,0.865077909987612,0.8650080526771214,0.8649549639382751,0.8649157041246789,0.8648876706393712,0.8648685503398093,0.8648562855489133,0.8648490582706722,0.864845290939994,0.864843666093401],[0.01,0.009998709329484406,0.009995701763029673,0.009990899184334276,0.00998380239642733,0.00997342448485222,0.009958612488036462,0.009937752898997964,0.009908774177023811,0.009868997002088058,0.009815066523334668,0.009742866107667792,0.009647493017252085,0.009523304656242623,0.009364186382560383,0.009164195297698843,0.008918789100686596,0.008626125747812487,0.008287490685835447,0.007906562252859585,0.00748860425689259,0.00703980417811259,0.006566802178946249,0.006076236657462737,0.005574409802037154,0.005067012706720778,0.004558927503183559,0.004054107102999052,0.0035556819205573927,0.0030672068966399826,0.0025987437605434517,0.0021745450505091636,0.0018090187674781545,0.0014994081928537688,0.0012390482740720792,0.001021356507351592,0.0008401914809169009,0.0006895168072490064,0.0005642400145757733,0.00046007399055446703,0.0003734713264062832,0.0003015100805873167,0.00024178912835976188,0.00019233229934179904,0.00015151189135352024,0.00011797762405853645,9.06030543668763e-5,6.844124730627311e-5,5.068948150884725e-5,3.6660994874174645e-5,2.576240478218538e-5,1.7475554883853585e-5,1.1344898943611015e-5,6.966041176209031e-6,3.978829382674365e-6,2.0624136316384426e-6,9.330325593531694e-7,3.4429761318237504e-7,9.037091927710678e-8],[0.0,0.00012825287082250753,0.0004210494383816837,0.0008724174648146088,0.001507347996027468,0.002377883823988326,0.003524558592355506,0.004992815134012636,0.006823253768457381,0.009054401784153796,0.011720274980751557,0.014850553208252187,0.018469186754728344,0.022592625428501514,0.02722435743257104,0.03234560448817902,0.037901848082681246,0.04379925943355135,0.04992067827530388,0.05615149973868005,0.06239223886773888,0.0685617995441079,0.07459612602467329,0.08044692539947114,0.08607964769923501,0.09147180539864183,0.09661139561460604,0.1014953782264073,0.10612678359858932,0.1105026673126993,0.11456323860679093,0.11813577540922436,0.12114094932762952,0.12363690526728992,0.12570259186840974,0.12740748625040293,0.12881141868247659,0.12996906695169713,0.13092483526193988,0.13171497402230817,0.13236878093021964,0.13290993559774958,0.13335759960983698,0.13372734312787618,0.13403185535060616,0.13428156748565748,0.1344851142605159,0.1346497059955592,0.13478141976013858,0.13488542901751324,0.13496618491809587,0.1350275605068405,0.13507295097637698,0.13510536331945203,0.1351274708308075,0.1351416520374545,0.13515000869676796,0.13515436476239243,0.13515624353567923]],"metadata":{"tspan":[0.0,10000.0],"u0":[0.99,0.01,0.0],"dt":0.1,"p":[0.25,0.25]}}]}