{
  "output": [
    {
      "metadata": {
        "p": [
          0.25,
          0.25
        ],
        "u0": [
          0.99,
          0.01,
          0.0
        ],
        "tspan": [
          0.0,
          10000.0
        ]
      },
      "t": [
        0.0,
        0.09292317588658758,
        1.0221549347524634,
        10.314472523411222,
        41.80076941422856,
        86.17840661151301,
        118.7440564498082,
        151.30970628810337,
        187.3577484350452,
        228.4370475700178,
        278.54839355882154
      ],
      "u": [
        [
          0.99,
          0.9897700687613326,
          0.9874768884813327,
          0.9653771612672671,
          0.9089609928820548,
          0.875912191729229,
          0.8686422606461217,
          0.8661474627129667,
          0.8652617692832272,
          0.8649810345469291,
          0.8649045610757414
        ],
        [
          0.01,
          0.009997650487150558,
          0.009971260821892527,
          0.009436760454369938,
          0.005626842609459921,
          0.001643971854307905,
          0.0005778676052983402,
          0.00019615112154150216,
          5.866623832777849e-05,
          1.4876265757170805e-05,
          2.9294676377868757e-06
        ],
        [
          0.0,
          0.00023228075151689062,
          0.002551850696774691,
          0.02518607827836291,
          0.08541216450848524,
          0.12244383641646303,
          0.13077987174857983,
          0.13365638616549164,
          0.13467956447844495,
          0.13500408918731363,
          0.13509250945662066
        ]
      ],
      "outputs": [
        0.13509250945662066,
        0.010000000000000002,
        0.0
      ]
    },
    {
      "metadata": {
        "p": [
          0.5,
          0.25
        ],
        "u0": [
          0.99,
          0.01,
          0.0
        ],
        "tspan": [
          0.0,
          10000.0
        ]
      },
      "t": [
        0.0,
        0.09284972135797114,
        1.0213469349376825,
        4.730308099257948,
        10.228677689262607,
        18.31425261516454,
        27.82753051477629,
        37.199522058936026,
        43.77195890488725,
        50.34439575083847,
        57.34851443181673,
        64.42717783073053,
        71.96730511165129,
        80.42082880784326,
        90.40351386704342,
        102.75262015173696
      ],
      "u": [
        [
          0.99,
          0.9895352372107644,
          0.9842749739892699,
          0.9474778577502123,
          0.8111285685696914,
          0.4692702181050562,
          0.2718634256070777,
          0.2237105381717018,
          0.2138438719048309,
          0.21009771771207014,
          0.20861408640743825,
          0.2080777324610784,
          0.2078800876636019,
          0.20781024841788517,
          0.20778823424156034,
          0.20778263799851357
        ],
        [
          0.01,
          0.01022997899299957,
          0.012825206057771092,
          0.030572187075150636,
          0.08927463371470634,
          0.15736741584273783,
          0.07055669501889276,
          0.021022315049174553,
          0.008321134019081999,
          0.003227693264226679,
          0.0011672397559916443,
          0.0004163124271337634,
          0.0001387792007069591,
          4.0604932500547665e-05,
          9.647686788777695e-06,
          1.7771210413156543e-06
        ],
        [
          0.0,
          0.00023478379623604638,
          0.0028998199529591097,
          0.021949955174637145,
          0.09959679771560237,
          0.37336236605220613,
          0.6575798793740296,
          0.7552671467791238,
          0.7778349940760872,
          0.7866745890237034,
          0.7902186738365703,
          0.791505955111788,
          0.7919811331356913,
          0.7921491466496144,
          0.7922021180716511,
          0.7922155848804453
        ]
      ],
      "outputs": [
        0.7922155848804453,
        0.15742164632511513,
        18.119443842031806
      ]
    },
    {
      "metadata": {
        "p": [
          0.75,
          0.25
        ],
        "u0": [
          0.99,
          0.01,
          0.0
        ],
        "tspan": [
          0.0,
          10000.0
        ]
      },
      "t": [
        0.0,
        0.09263021686521646,
        1.018932385517381,
        3.152579694499569,
        5.998054990754297,
        9.982420665278962,
        15.324618874844882,
        20.366404475935536,
        25.49197590475178,
        30.87378806481871,
        35.79316513843685,
        40.70308194499911,
        45.7204121071715,
        51.031364069740455,
        56.932430643802824,
        63.8377309458349,
        72.3069102087797
      ],
      "u": [
        [
          0.99,
          0.9892965467187222,
          0.9802349991872816,
          0.936466771893895,
          0.7783490995742202,
          0.3878595641221109,
          0.13947050419855173,
          0.08423637013680821,
          0.06895472327205868,
          0.06397812364750159,
          0.06245179018698549,
          0.06189871834628787,
          0.06169357034096379,
          0.06161742835348566,
          0.061590120683309296,
          0.0615812538153375,
          0.061578883631124494
        ],
        [
          0.01,
          0.010466516135751206,
          0.016460801233002604,
          0.04500405977733796,
          0.14152067379188332,
          0.2997855691345226,
          0.19365276964092115,
          0.08220687859016683,
          0.03042740852229401,
          0.010350126299867375,
          0.0038224148473720793,
          0.0014096273454999387,
          0.000508075201338119,
          0.00017254179798633138,
          5.2084178810677526e-05,
          1.2957433888176105e-05,
          2.497377068928864e-06
        ],
        [
          0.0,
          0.00023693714552649805,
          0.0033041995797157067,
          0.01852916832876693,
          0.08013022663389638,
          0.31235486674336627,
          0.6668767261605268,
          0.8335567512730246,
          0.900617868205647,
          0.9256717500526308,
          0.9337257949656422,
          0.936691654308212,
          0.9377983544576979,
          0.9382100298485277,
          0.9383577951378798,
          0.9384057887507741,
          0.9384186189918063
        ]
      ],
      "outputs": [
        0.9384186189918063,
        0.30750406090469573,
        10.899028052366534
      ]
    }
  ]
}